{"cameraMode":{"drawMode":0,"name":"Shaded","section":"Shading Mode"},"sceneLighting":false,"audioPlay":false,"sceneViewState":{"m_AlwaysRefresh":false,"showFog":true,"showSkybox":false,"showFlares":true,"showImageEffects":true,"showParticleSystems":true,"showVisualEffectGraphs":true,"m_FxEnabled":true},"in2DMode":false,"pivot":{"x":-4.959999084472656,"y":1.6446654796600342,"z":-0.28986138105392458},"rotation":{"x":-0.15058296918869019,"y":0.16437053680419923,"z":-0.025398699566721917,"w":-0.9745067954063416},"size":0.8701425194740295,"orthographic":false}