{"cameraMode":{"drawMode":0,"name":"Shaded","section":"Shading Mode"},"sceneLighting":true,"audioPlay":false,"sceneViewState":{"m_AlwaysRefresh":false,"showFog":true,"showSkybox":true,"showFlares":true,"showImageEffects":true,"showParticleSystems":true,"showVisualEffectGraphs":true,"m_FxEnabled":true},"in2DMode":false,"pivot":{"x":1.0458158254623414,"y":-3.655557632446289,"z":-15.073798179626465},"rotation":{"x":0.26758959889411929,"y":-0.007226434536278248,"z":0.002006913535296917,"w":0.9635049104690552},"size":7.294839859008789,"orthographic":false}